-- H2 데이터베이스용 테스트 데이터
-- 기존 데이터 삭제
DELETE FROM guguns;
DELETE FROM sidos;
DELETE FROM contenttypes;

-- 시도 데이터 삽입
INSERT INTO sidos (sido_code, sido_name) VALUES
(11, '서울특별시'),
(26, '부산광역시'),
(27, '대구광역시'),
(28, '인천광역시'),
(29, '광주광역시'),
(30, '대전광역시'),
(31, '울산광역시'),
(36, '세종특별자치시'),
(41, '경기도'),
(42, '강원특별자치도'),
(43, '충청북도'),
(44, '충청남도'),
(45, '전라북도'),
(46, '전라남도'),
(47, '경상북도'),
(48, '경상남도'),
(50, '제주특별자치도');

-- 구군 데이터 삽입 (서울)
INSERT INTO guguns (sido_code, gugun_code, gugun_name) VALUES
(11, 1, '종로구'),
(11, 2, '중구'),
(11, 3, '용산구'),
(11, 4, '성동구'),
(11, 5, '광진구'),
(11, 6, '동대문구'),
(11, 7, '중랑구'),
(11, 8, '성북구'),
(11, 9, '강북구'),
(11, 10, '도봉구'),
(11, 11, '노원구'),
(11, 12, '은평구'),
(11, 13, '서대문구'),
(11, 14, '마포구'),
(11, 15, '양천구'),
(11, 16, '강서구'),
(11, 17, '구로구'),
(11, 18, '금천구'),
(11, 19, '영등포구'),
(11, 20, '동작구'),
(11, 21, '관악구'),
(11, 22, '서초구'),
(11, 23, '강남구'),
(11, 24, '송파구'),
(11, 25, '강동구');

-- 구군 데이터 삽입 (부산)
INSERT INTO guguns (sido_code, gugun_code, gugun_name) VALUES
(26, 1, '중구'),
(26, 2, '서구'),
(26, 3, '동구'),
(26, 4, '영도구'),
(26, 5, '부산진구'),
(26, 6, '동래구'),
(26, 7, '남구'),
(26, 8, '북구'),
(26, 9, '해운대구'),
(26, 10, '사하구'),
(26, 11, '금정구'),
(26, 12, '강서구'),
(26, 13, '연제구'),
(26, 14, '수영구'),
(26, 15, '사상구'),
(26, 16, '기장군');

-- 구군 데이터 삽입 (경기도 일부)
INSERT INTO guguns (sido_code, gugun_code, gugun_name) VALUES
(41, 1, '수원시'),
(41, 2, '성남시'),
(41, 3, '의정부시'),
(41, 4, '안양시'),
(41, 5, '부천시'),
(41, 6, '광명시'),
(41, 7, '평택시'),
(41, 8, '동두천시'),
(41, 9, '안산시'),
(41, 10, '고양시'),
(41, 11, '과천시'),
(41, 12, '구리시'),
(41, 13, '남양주시'),
(41, 14, '오산시'),
(41, 15, '시흥시'),
(41, 16, '군포시'),
(41, 17, '의왕시'),
(41, 18, '하남시'),
(41, 19, '용인시'),
(41, 20, '파주시'),
(41, 21, '이천시'),
(41, 22, '안성시'),
(41, 23, '김포시'),
(41, 24, '화성시'),
(41, 25, '광주시'),
(41, 26, '양주시'),
(41, 27, '포천시'),
(41, 28, '여주시'),
(41, 29, '연천군'),
(41, 30, '가평군'),
(41, 31, '양평군');

-- 강원도 일부
INSERT INTO guguns (sido_code, gugun_code, gugun_name) VALUES
(42, 1, '춘천시'),
(42, 2, '원주시'),
(42, 3, '강릉시'),
(42, 4, '동해시'),
(42, 5, '태백시'),
(42, 6, '속초시'),
(42, 7, '삼척시'),
(42, 8, '홍천군'),
(42, 9, '횡성군'),
(42, 10, '영월군'),
(42, 11, '평창군'),
(42, 12, '정선군'),
(42, 13, '철원군'),
(42, 14, '화천군'),
(42, 15, '양구군'),
(42, 16, '인제군'),
(42, 17, '고성군'),
(42, 18, '양양군');

-- 제주도
INSERT INTO guguns (sido_code, gugun_code, gugun_name) VALUES
(50, 1, '제주시'),
(50, 2, '서귀포시');

-- 콘텐츠 타입 데이터 삽입
INSERT INTO contenttypes (content_type_id, content_type_name) VALUES
(12, '관광지'),
(14, '문화시설'),
(15, '축제공연행사'),
(25, '여행코스'),
(28, '레포츠'),
(32, '숙박'),
(38, '쇼핑'),
(39, '음식점');